name,price,brand
현대 YF소나타 헤드라이트 H7 Headlight 한국자동차부품협회 인증품,85800,현대
한국자동차부품협회 인증품 현대 그랜저IG 앞 범퍼 전기형 16년~19년 86510G8000,92950,현대
"한국자동차부품협회 인증품 포터2 전 범퍼 12년식 ~ 21년_865114F510, 865114F600, CWGP1910(1사양공용)",56550,현대
"한국자동차부품협회 인증품 아반떼 AD 전범퍼 15년식 ~ 18년식_86510F2000, CWGP1930(PAS-SN)",62850,현대
"싼타페TM 우 휀더 18년-현재 66321S1000, CWGP1820 한국자동차부품협회 인증품",101170,현대
"한국자동차부품협회 인증품 산타페TM 휀더 LH(왼쪽)_18년 ~ 현재_66310 S1000,CWGP1812",101170,현대
"한국자동차부품협회 인증품 그랜저 IG 휀더 RH(오른쪽) 16년식~19년식_66320-G8000, CWGP1840",78650,현대
"한국자동차부품협회 인증품 그랜저 IG 휀더 LH(왼쪽) 16년식~19년식_66310-G8000, CWGP1830",78650,현대
기아 K3 BD 앞범퍼 86511M6000 ﻿한국자동차부품협회 인증품 (2018.3~현재),69130,기아
기아 K5(JF) 2세대 전기형 앞범퍼 86511D4000 86511D4010 한국자동차부품협회 인증품 (2015.7~2017.12),100670,기아
"한국자동차부품협회 인증품 봉고3 범퍼 12년식 - 21년 865114E541, CWGP1920",48480,기아
벤츠 C클래스 휀더 오른쪽 W205 2015-2016년식 2058800218 한국자동차부품협회 인증품 AP,292100,벤츠
벤츠 C클래스 휀더 왼쪽 W205 2015-2016년식 2058800118 한국자동차부품협회 인증품 AP,292100,벤츠
벤츠 C클래스 휀더 오른쪽 W204 2010-년식 2048801418 한국자동차부품협회 인증품 AP,277200,벤츠
벤츠 C클래스 휀더 왼쪽 W204 2010-년식 2048801318 한국자동차부품협회 인증품 AP,277200,벤츠
벤츠 C클래스 휀더 오른쪽 W203 2001-2006년식 203880021867 한국자동차부품협회 인증품 AP,179800,벤츠
벤츠 C클래스 휀더 왼쪽 W203 2001-2006년식 203880011867 한국자동차부품협회 인증품 AP,179800,벤츠
벤츠 C클래스 본넷 W204 C300/C350 2008-2011년식 2048801057 한국자동차부품협회 인증품 AP,514700,벤츠
벤츠 C클래스 본넷 W205 C300/C400/C450 2015-2016년식 2058800357 한국자동차부품협회 인증품 AP,650300,벤츠
벤츠 E클래스 본넷 SDN W212 09-13년식 MD E클래스 WGN W212 11-13년식 2128800157 한국자동차부품협회 인증품 AP,729500,벤츠
벤츠 E클래스 뒤 범퍼 W211 SDN W/O AMG & SPRT 2002-2008년식 2118800640 한국자동차부품협회 인증품 AP-Procom,443300,벤츠
벤츠 C클래스 뒤 범퍼 W204 W/AMG 2007-2011년식 20488529259999 한국자동차부품협회 인증품 AP-Procom,392700,벤츠
벤츠 E클래스 앞 범퍼 W211 W/O SPRT PKG 2007-2009년식 2118802340 한국자동차부품협회 인증품 AP-Procom,414100,벤츠
벤츠 E클래스 앞 범퍼 W211 W/O SPRT PKG 2007-2009년식 21188009409999 한국자동차부품협회 인증품 AP-Procom,463400,벤츠
벤츠 CLA 앞 범퍼 C117 W/O AMG PKG 2014-2016년식 11788008409999 한국자동차부품협회 인증품 AP-Procom,355100,벤츠
벤츠 C클래스 앞 범퍼 W204 C230 W/O AMG PKG 08-11년 20488042409999 한국자동차부품협회 인증품 AP-Procom,468000,벤츠
벤츠 C클래스 W204 헤드라이트 오른쪽 11-13년식 2048209659 한국자동차부품협회 인증품 TYC,316100,벤츠
벤츠 C클래스 W204 헤드라이트 왼쪽 11-13년식 2048209559 한국자동차부품협회 인증품 TYC,316100,벤츠
벤츠 C클래스 W204 헤드라이트 왼쪽 11-13년식 2048204959 한국자동차부품협회 인증품 TYC,316100,벤츠
벤츠 C클래스 W204 헤드라이트 오른쪽 11-13년식 2048205059 한국자동차부품협회 인증품 TYC,323300,벤츠
벤츠 E클래스 W212 헤드라이트 왼쪽 09-12년식 2128200161 한국자동차부품협회 인증품 TYC,341400,벤츠
벤츠 E클래스 W212 헤드라이트 오른쪽 09-12년식 2128200261 한국자동차부품협회 인증품 TYC,341400,벤츠
벤츠 E클래스 W211 헤드라이트 왼쪽 06-08년식 2118202961 한국자동차부품협회 인증품 TYC,267400,벤츠
벤츠 E클래스 W211 헤드라이트 오른쪽 06-08년식 2118203061 한국자동차부품협회 인증품 TYC,267400,벤츠
벤츠 C클래스 W204 헤드라이트 왼쪽 07-11년식 2048202961 한국자동차부품협회 인증품 TYC,750300,벤츠
벤츠 C클래스 W204 헤드라이트 오른쪽 07-11년식 2048203061 한국자동차부품협회 인증품 TYC,750300,벤츠
벤츠 E클래스 W211 헤드라이트 왼쪽 02-06년식 2118200161 한국자동차부품협회 인증품 TYC,267400,벤츠
벤츠 E클래스 W211 헤드라이트 오른쪽 02-06년식 2118200261 한국자동차부품협회 인증품 TYC,267400,벤츠
벤츠 E클래스 W211 안개등 왼쪽 04-08년식 1698201656 한국자동차부품협회 인증품 TYC,114300,벤츠
벤츠 C클래스 W203 헤드라이트 왼쪽 00-04년식  2038200161 한국자동차부품협회 인증품 TYC,236300,벤츠
벤츠 C클래스 W203 헤드라이트 오른쪽 00-04년식 2038200261 한국자동차부품협회 인증품 TYC,229800,벤츠
벤츠 E클래스 W211 안개등 왼쪽 09-12년식 2128200956 한국자동차부품협회 인증품 TYC,136300,벤츠
벤츠 E클래스 W211 안개등 오른쪽 09-12년식 2128201056 한국자동차부품협회 인증품 TYC,135700,벤츠
벤츠 E클래스 W211 안개등 왼쪽 02-08년식 1698201556 한국자동차부품협회 인증품 TYC,114300,벤츠
벤츠 E클래스 W211 안개등 오른쪽 02-08년식 1698201656 한국자동차부품협회 인증품 TYC,114300,벤츠
벤츠 E클래스 W211 안개등 왼쪽 02-04년식 2118200556 한국자동차부품협회 인증품 TYC,118800,벤츠
벤츠 E클래스 W211 안개등 오른쪽 02-04년식 2118200656 한국자동차부품협회 인증품 TYC,118800,벤츠
벤츠 A클래스 W169 안개등 왼쪽 04-08년식 2518200756 한국자동차부품협회 인증품 TYC,85100,벤츠
벤츠 A클래스 W169 안개등 오른쪽 04-08년식 2518200856 한국자동차부품협회 인증품 TYC,85100,벤츠
벤츠 E클래스 주간전조등 왼쪽 09-12년식 2128200356 한국자동차부품협회 인증품 TYC,37600,벤츠
벤츠 E클래스 주간전조등 오른쪽 09-12년식 2128200456 한국자동차부품협회 인증품 TYC,37600,벤츠
벤츠 M클래스 주간전조등 왼쪽 12-14년식 1649060451 한국자동차부품협회 인증품 TYC,190200,벤츠
벤츠 M클래스 주간전조등 오른쪽 12-14년식 1649060451 한국자동차부품협회 인증품 TYC,190200,벤츠
벤츠 C클래스 주간전조등 왼쪽 07-11년식 2049068900 한국자동차부품협회 인증품 TYC,199300,벤츠
벤츠 C클래스 주간전조등 오른쪽 07-11년식 2049069000 한국자동차부품협회 인증품 TYC,199300,벤츠
벤츠 GLK 주간전조등 왼쪽 10-12년식 1649060151 한국자동차부품협회 인증품 TYC,188300,벤츠
벤츠 GLK 주간전조등 오른쪽 10-12년식 1649060251 한국자동차부품협회 인증품 TYC,188300,벤츠
벤츠 E클래스 W211 테일램프 왼쪽 06-09년식 SDN W/LED 테일램프 2118202564 한국자동차부품협회 인증품 TYC,153900,벤츠
벤츠 E클래스 W211 테일램프 오른쪽 06-09년식 SDN W/LED 테일램프 2118202664 한국자동차부품협회 인증품 TYC,153900,벤츠
벤츠 E클래스 W211 테일램프 왼쪽 06-09년식 SDN 테일램프 2118202364 한국자동차부품협회 인증품 TYC,126600,벤츠
벤츠 E클래스 W211 테일램프 오른쪽 06-09년식 SDN 테일램프 2118202464 한국자동차부품협회 인증품 TYC,126600,벤츠
벤츠 C클래스 테일램프 왼쪽 07-10년식 SDN 테일램프 2048202964 한국자동차부품협회 인증품 TYC,214900,벤츠
벤츠 C클래스 테일램프 오른쪽 07-10년식 SDN 테일램프 2048203064 한국자동차부품협회 인증품 TYC,169400,벤츠
벤츠 C클래스 테일램프 왼쪽 07-11년식 SDN 테일램프 2049068302 한국자동차부품협회 인증품 TYC,146100,벤츠
벤츠 C클래스 테일램프 오른쪽 07-11년식 SDN 테일램프 2049068402 한국자동차부품협회 인증품 TYC,169400,벤츠
벤츠 M클래스 뒤 범퍼 W166 12-15년식 16688506259999 한국자동차부품협회 인증품(TUV인증),239000,벤츠
벤츠 M클래스 좌 휀더  W166 12-14년식 1668800506 한국자동차부품협회 인증품(TUV인증),259600,벤츠
벤츠 M클래스 우 휀더  W166 12-14년식 1668800206 한국자동차부품협회 인증품(TUV인증),250000,벤츠
벤츠 M클래스 라디에이터 그릴 W166 12-14년식 16688009859040 한국자동차부품협회 인증품(TUV인증),248000,벤츠
벤츠 M클래스 뒤 범퍼 W164 08-11년식 1648803340 한국자동차부품협회 인증품(TUV인증),226000,벤츠
벤츠 M클래스 앞 범퍼 W164 08-11년식 1648857225 한국자동차부품협회 인증품(TUV인증),300000,벤츠
벤츠 M클래스 앞 범퍼 W166 12-14년식 16688514259999 한국자동차부품협회 인증품(TUV인증),384000,벤츠
벤츠 GLK클래스 앞 범퍼 X204 10-12년식 2048851425 한국자동차부품협회 인증품(TUV인증),250000,벤츠
벤츠 GLK클래스 앞 범퍼 X204 10-12년식 20488045409999 한국자동차부품협회 인증품(TUV인증),245000,벤츠
벤츠 GLK클래스 좌 휀더 X204 10-15년식 2048800918 한국자동차부품협회 인증품(TUV인증),198000,벤츠
벤츠 GLK클래스 우 휀더 X204 10-15년식 2048801018 한국자동차부품협회 인증품(TUV인증),198000,벤츠
벤츠 GLK클래스 뒤 범퍼 X204 13-15년식 20488009499999 한국자동차부품협회 인증품(TUV인증),284000,벤츠
벤츠 GLK클래스 앞 범퍼 X204 13-17년식 20488022499999 한국자동차부품협회 인증품(TUV인증),274000,벤츠
벤츠 E클래스 뒤 범퍼 W212 14-17년식 21288534389999 한국자동차부품협회 인증품(TUV인증),320000,벤츠
벤츠 E클래스 앞 범퍼 W212 10-13년식 21288024409999 BZ04144BH 한국자동차부품협회 인증품(TUV인증),300000,벤츠
벤츠 E클래스 앞 범퍼 W212 10-13년식 21288026409999 한국자동차부품협회 인증품(TUV인증),296000,벤츠
벤츠 E클래스 앞 범퍼 W212 10-13년식 21288027409999 한국자동차부품협회 인증품(TUV인증),375000,벤츠
벤츠 E클래스 앞 범퍼 W212 11-13년식 21288013409999 한국자동차부품협회 인증품(TUV인증),276000,벤츠
벤츠 E클래스 앞 범퍼 W212 11-13년식 21288013409999 한국자동차부품협회 인증품(TUV인증),276000,벤츠
벤츠 E클래스 앞 범퍼 W212 11-13년식 21288015409999 한국자동차부품협회 인증품(TUV인증),290000,벤츠
벤츠 E클래스 앞 범퍼 W212 14-17년식 21288025479999 한국자동차부품협회 인증품(TUV인증),276000,벤츠
벤츠 E클래스 앞 범퍼 14-17년식 9세대 W212 21288527389999 한국자동차부품협회 인증품(TUV인증),320000,벤츠
벤츠 CLA클래스 14-16년식 1세대 C117 뒤 범퍼 11788004409999 한국자동차부품협회 인증품(TUV인증),180000,벤츠
벤츠 E클래스 W212 14-17년식 뒤 범퍼 21288535389999 한국자동차부품협회 인증품(TUV인증),290000,벤츠
벤츠 C클래스 W205 15-17년식 뒤 범퍼 20588004479999 한국자동차부품협회 인증품(TUV인증),380000,벤츠
벤츠 B클래스 헤드램프 오른쪽 W245 05년식-11년식 1698201861 한국자동차부품협회 인증품 데포 depo,251240,벤츠
벤츠 C클래스 주간주행등/DRL W204 06년식~10년식 2218201756 한국자동차부품협회 데포 depo,209490,벤츠
벤츠 C클래스 주간주행등/DRL W204  06년식~10년식 2218200956 한국자동차부품협회 인증품 데포 depo,209490,벤츠
벤츠 C클래스 주간주행등/DRL W204  11년식~13년식 2049069000 한국자동차부품협회 데포 depo,209490,벤츠
벤츠 C클래스 주간주행등/DRL W204  11년식~13년식 2049068900 한국자동차부품협회 데포 depo,209490,벤츠
"벤츠 S클래스 안개등 포그램프 W221 06년식~08년식 2218200156, 0305074001 한국자동차부품협회 인증품 데포 depo",164610,벤츠
벤츠 S클래스 안개등 포그램프 W221 06년식-08년식 0305074002 한국자동차부품협회 인증품 데포 depo,164610,벤츠
"벤츠 C클래스 안개등 포그램프 W203 00년식~02년식  2158200556, 1NA007976-071 한국자동차부품협회 인증품 데포 depo",116230,벤츠
"벤츠 C클래스 안개등 포그램프 W203 00년식~02년식 2158200656, 1NA007976-081 한국자동차부품협회 인증품 데포 depo",116230,벤츠
벤츠 S클래스 테일램프  W220 02년식-05년식 2208200764 한국자동차부품협회 데포 depo,212350,벤츠
벤츠 S클래스 테일램프  W220 02년식-05년식/ 2208200864 한국자동차부품협회 데포 depo,212350,벤츠
"벤츠 S클래스 테일램프 W221 09년식-12년식 2208200664, 2218201464 한국자동차부품협회 데포 depo",302440,벤츠
"벤츠S클래스 테일램프 W221 09년식-12년식/ 2218200564, 2218201364 한국자동차부품협회 데포 depo",302440,벤츠
벤츠 S클래스 테일램프 W221 06년식-08년식 2118200266 한국자동차부품협회 데포 depo,268120,벤츠
벤츠 S클래스 테일램프 W221 06년식-08년식 2218200166 한국자동차부품협회 데포 depo,268120,벤츠
벤츠 S클래스 테일램프 W222 13년식 2229065501 한국자동차부품협회 데포 depo,477620,벤츠
벤츠 S클래스 테일램프 W222 13년식  2229065401 한국자동차부품협회 데포 depo,477620,벤츠
벤츠 S클래스 테일램프  W222 17년식 2229066904 한국자동차부품협회 데포 depo,477620,벤츠
벤츠 S클래스 테일램프 W222 17년식 2229067004 한국자동차부품협회 데포 depo,477620,벤츠
벤츠 E클래스 테일램프  W212 13년식-15년식 2129060703_한국자동차부품협회 데포 depo,212030,벤츠
벤츠 E클래스 테일램프 W212 13년식-15년식 2129060703 한국자동차부품협회 데포 depo,212030,벤츠
"벤츠 E클래스 테일램프 W212 09년식-12년식 2128201264,2129066901,2129060658 한국자동차부품협회 데포 depo",237380,벤츠
"벤츠 E클래스 테일램프 W212 09년식-12년식 2128201164,2129066801,2129060558 한국자동차부품협회 데포 depo",237380,벤츠
벤츠 E클래스 테일램프 W211  02년식~05년식 2118200464 한국자동차부품협회 데포 depo,139420,벤츠
벤츠 E클래스 테일램프  W211 02년식~05년식 2118200364 한국자동차부품협회 데포 depo,139420,벤츠
벤츠 E클래스 테일램프 W211 02년식~05년식 2118200664 한국자동차부품협회 데포 Depo,173350,벤츠
벤츠 E클래스 테일램프  W211  02년식~05년식 2118200564 한국자동차부품협회 데포 depo,169450,벤츠
벤츠 E클래스 테일램프 W211  06년식-08년식 2118202664 한국자동차부품협회 데포 depo,180890,벤츠
벤츠 E클래스 테일램프  W211 06년식-08년식 2118202564  한국자동차부품협회 데포 depo,180890,벤츠
벤츠 E클래스 테일램프 W211 06년식-08년식 2118202464 한국자동차부품협회 데포 depo,148720,벤츠
벤츠 E클래스 테일램프 W211 06년식-08년식 2118202364 한국자동차부품협회 데포 depo,148720,벤츠
"벤츠  C클래스 테일램프 W204 11년식-13년식 2048205864, 2048202764 한국자동차부품협회 데포 depo",230940,벤츠
"벤츠 C클래스 테일램프 W204  11년식-13년식  2048201864, 2049060203 한국자동차부품협회 데포 depo",230940,벤츠
벤츠 C클래스 테일램프 W205 14년식  2059060457 한국자동차부품협회 데포 depo,281710,벤츠
벤츠 C클래스 테일램프 W205 14년식~ 2059060357 한국자동차부품협회 Depo,281710,벤츠
"벤츠 B클래스 테일램프 W245 05년식 - 11년식 1698202664, 714027520811 데포 depo",111540,벤츠
"벤츠 B클래스 테일램프 Tail Lamp / W245 / 05년식 - 11년식 1698202564, 714027520711 데포 depo",111540,벤츠
"벤츠 E클래스 헤드램프 오른쪽 W211 02년식-05년식 2118200361, 2118200161, 1EL008369071 한국자동차부품협회 인증품 데포 Depo",274520,벤츠
"벤츠 E클래스 헤드램프 왼쪽 W211 02년식-05년식 2118200461, 1EL008369081 한국자동차부품협회 인증품 데포 depo",274520,벤츠
"벤츠 E클래스 헤드램프 오른쪽 W211 02년식-05년식 2118201361, 1EL008369091 한국자동차부품협회 인증품 데포 depo",658790,벤츠
"벤츠 E클래스 헤드램프 오른쪽 W211 02년식-05년식 2118201461, 1EL008369101 한국자동차부품협회 인증품 데포 depo",658790,벤츠
벤츠 E클래스 헤드램프 왼쪽 W211 06년식-08년식 2118202961 한국자동차부품협회 인증품 데포 depo,264620,벤츠
벤츠 E클래스 헤드램프 오른쪽 W211 06년식-08년식 2118203061 한국자동차부품협회 인증품 데포 depo,264620,벤츠
"벤츠 C클래스 헤드램프 왼쪽 W203 03년식 2038203761, 2038201759, 710301166275 한국자동차부품협회 인증품 데포 depo",859320,벤츠
"벤츠 C클래스 헤드램프 오른쪽 W203 03년식 710301166276, 2038203861, 2038201859 한국자동차부품협회 인증품 데포 depo",859320,벤츠
벤츠 B클래스 헤드램프 왼쪽  W245 05년식 - 11년식 1698201761 데포 depo,251240,벤츠
BMW X5 후 범퍼 14-16년 51127384334 한국자동차부품협회 인증품 AP-Procom,601400,BMW
BMW X5 후 범퍼 00-06년 51127027049 한국자동차부품협회 인증품 AP-Procom,714100,BMW
BMW X5 앞 범퍼 07-10년 51117172402 한국자동차부품협회 인증품 AP-Procom,469100,BMW
BMW X1 본넷 10-15년 41002993151 한국자동차부품협회 인증품 AP,443200,BMW
BMW X1 우 휀더 13-15년 41627332424 한국자동차부품협회 인증품 AP,222700,BMW
BMW X1 좌 휀더 13-15년 41627332423 한국자동차부품협회 인증품 AP,222700,BMW
BMW 5시리즈 본넷 11-16년 41617207194 한국자동차부품협회 인증품 AP,762600,BMW
BMW 5시리즈 후 범퍼 11-13년 51127238522 한국자동차부품협회 인증품 AP-Procom,596700,BMW
BMW 5시리즈 후 범퍼 08-08년 51127178184 한국자동차부품협회 인증품 AP-Procom,543000,BMW
BMW 3시리즈 본넷 12-16년 41007290944 한국자동차부품협회 인증품 AP,418100,BMW
BMW 3시리즈 본넷 09-11년 41617153940 한국자동차부품협회 인증품 AP,409800,BMW
BMW 3시리즈 우 휀더 06-11년 41007438440 한국자동차부품협회 인증품 AP,247400,BMW
BMW 3시리즈 우 휀더 06-11년 41357135680 한국자동차부품협회 인증품 AP,235100,BMW
BMW 3시리즈 좌 휀더 12-15년 41357298027 한국자동차부품협회 인증품 AP,146900,BMW
BMW 3시리즈 좌 휀더 06-11년 41357135679 한국자동차부품협회 인증품 AP,235100,BMW
BMW 3시리즈 뒤 범퍼 09-11년 51127202706 한국자동차부품협회 인증품 AP-Procom,451000,BMW
BMW 3시리즈 뒤 범퍼 06-08년 51117140859 한국자동차부품협회 인증품 AP-Procom,451000,BMW
BMW 3시리즈 앞 범퍼 06-08년 51117140859 한국자동차부품협회 인증품 AP-Procom,366700,BMW
BMW 3시리즈 앞 범퍼 02-05년 51117044116 한국자동차부품협회 인증품 AP-Procom,328500,BMW
BMW 5시리즈 E60 E61 헤드램프 왼쪽 03-07년식 63127160194 한국자동차부품협회 인증품 TYC,733000,BMW
BMW 3시리즈 F30 헤드램프 왼쪽 11년식-현재 63117314532 한국자동차부품협회 인증품 TYC,686700,BMW
BMW 5시리즈 E60 E61 헤드램프 왼쪽 03-07년식 63127160193 한국자동차부품협회 인증품 TYC,733000,BMW
BMW 3시리즈 F30 헤드램프 오른쪽 11년식-현재 63117314532 한국자동차부품협회 인증품 TYC,686700,BMW
BMW 3시리즈 E90 E91 헤드램프 왼쪽 08-11년식 63117202573 한국자동차부품협회 인증품 TYC,285500,BMW
BMW 3시리즈 E90 E91 헤드램프 오른쪽 08-11년식 63117202574 한국자동차부품협회 인증품 TYC,285500,BMW
BMW 3시리즈 E90 헤드램프 왼쪽 05-08년식 63116942721 한국자동차부품협회 인증품 TYC,302600,BMW
BMW 3시리즈 E90 헤드램프 오른쪽 05-08년식 63116942722 한국자동차부품협회 인증품 TYC,302600,BMW
BMW X1 안개등  왼쪽 09-12년식 63172993525 한국자동차부품협회 인증품 TYC,103400,BMW
BMW X1 안개등  오른쪽 09-12년식 63172993526 한국자동차부품협회 인증품 TYC,103400,BMW
BMW 5시리즈 F10 안개등 왼쪽 10-13년식 63177216887 한국자동차부품협회 인증품 TYC,103400,BMW
BMW 5시리즈 F10 안개등 오른쪽 10-13년식 63177216888 한국자동차부품협회 인증품 TYC,103400,BMW
BMW 3시리즈 E90 E91 안개등 왼쪽 08-11년식 SDN WGN 안개등  63177199893 한국자동차부품협회 인증품 TYC,93100,BMW
BMW 3시리즈 E90 E91 안개등 오른쪽 08-11년식 SDN WGN 안개등  63177199894 한국자동차부품협회 인증품 TYC,93100,BMW
BMW 5시리즈 E60 E61 안개등 왼쪽 07-10년식 SDN WGN 안개등  63177177711 한국자동차부품협회 인증품 TYC,93100,BMW
BMW 5시리즈 E60 E61 안개등 오른쪽 07-10년식 SDN WGN 안개등  63177177712 한국자동차부품협회 인증품 TYC,93100,BMW
BMW 1시리즈 E87 안개등 왼쪽 04-07년식 63176924655 한국자동차부품협회 인증품 TYC,111700,BMW
BMW 1시리즈 E87 안개등 오른쪽 04-07년식 63176924656 한국자동차부품협회 인증품 TYC,111700,BMW
BMW 3시리즈 안개등 왼쪽 05-08년식 63177839865 한국자동차부품협회 인증품 TYC,111700,BMW
BMW 3시리즈 안개등 오른쪽 05-08년식 63177839866 한국자동차부품협회 인증품 TYC,111700,BMW
BMW 3시리즈 안개등 왼쪽 11년식-현재 63177248911 한국자동차부품협회 인증품 TYC,109700,BMW
BMW 3시리즈 안개등 오른쪽 11년식-현재 63177248912 한국자동차부품협회 인증품 TYC,109700,BMW
BMW 3시리즈 1시리즈 방향지시등 왼쪽 05-08년식 63136932998 한국자동차부품협회 인증품 TYC,12600,BMW
BMW 3시리즈 1시리즈 방향지시등 오른쪽 05-08년식 63136932997 한국자동차부품협회 인증품 TYC,12600,BMW
BMW 3시리즈 F30 테일램프 왼쪽 11년식-현재 SDN 테일램프 63217312845 한국자동차부품협회 인증품 TYC,147200,BMW
BMW 3시리즈 F30 테일램프 오른쪽 11년식-현재 SDN 테일램프 63217312846 한국자동차부품협회 인증품 TYC,147200,BMW
BMW 1시리즈 F20 테일램프 왼쪽 11년식-현재 63217241541 한국자동차부품협회 인증품 TYC,152400,BMW
BMW 1시리즈 F20 테일램프 오른쪽 11년식-현재 63217241542 한국자동차부품협회 인증품 TYC,152400,BMW
BMW 5시리즈 E60 테일램프 왼쪽 03-06년식 SDN 테일램프 63210414700 한국자동차부품협회 인증품 TYC,334000,BMW
BMW 5시리즈 E60 테일램프 오른쪽 03-06년식 SDN 테일램프 63210414700 한국자동차부품협회 인증품 TYC,334000,BMW
BMW 5시리즈 E60 테일램프 왼쪽 03-06년식 SDN 테일램프 63216910767 한국자동차부품협회 인증품 TYC,100800,BMW
BMW 5시리즈 E60 테일램프 오른쪽 03-06년식 SDN 테일램프 63216910768 한국자동차부품협회 인증품 TYC,100800,BMW
BMW 3시리즈 테일램프 왼쪽 09-11년식 SDN 테일램프 63217289429 한국자동차부품협회 인증품 TYC,145100,BMW
BMW 3시리즈 E90 테일램프 왼쪽 08-12 SDN 테일램프 63214871731 한국자동차부품협회 인증품 TYC,129000,BMW
BMW 3시리즈 테일램프 오른쪽 09-11년식 SDN 테일램프 63217289430 한국자동차부품협회 인증품 TYC,145100,BMW
BMW 3시리즈 E90 테일램프 오른쪽 08-12 SDN 테일램프 63214871732 한국자동차부품협회 인증품 TYC,127500,BMW
BMW 3시리즈 E91 테일램프 왼쪽 08-12 WGN 테일램프 63217154159 한국자동차부품협회 인증품 TYC,145100,BMW
BMW 3시리즈 E91 테일램프 오른쪽 08-12 WGN 테일램프 63217154160 한국자동차부품협회 인증품 TYC,145100,BMW
미니쿠페 11-16년식 라디에이터그릴 51117317264  (TUV인증부품),120000,BMW
BMW 1시리즈 04-11년식 본넷 41627162102 (TUV인증부품),350000,BMW
BMW 3시리즈 05-08년식 앞 범퍼 51117170051 (TUV인증부품),217500,BMW
BMW 3시리즈 05-08년식 앞 범퍼 51117170052 (TUV인증부품),217500,BMW
BMW 3시리즈 05-08년식 앞 범퍼 51117170052 (TUV인증부품),217500,BMW
BMW 3시리즈 05-08년식 앞 범퍼 51117170053 (TUV인증부품),217500,BMW
BMW 3시리즈 09-11년식 뒤 범퍼 51127202694 (TUV인증부품),270000,BMW
BMW 3시리즈 09-11년식 뒤 범퍼 51127202694 (TUV인증부품),270000,BMW
BMW 3시리즈 12-16년식 앞 범퍼 51117293011 (TUV인증부품),210000,BMW
BMW 3시리즈 12-16년식 앞 범퍼 51117293013 (TUV인증부품),210000,BMW
BMW 3시리즈 12-16년식 앞 범퍼 51117293015 (TUV인증부품),210000,BMW
BMW 3시리즈 12-16년식 앞 범퍼 51117293016 (TUV인증부품),210000,BMW
BMW 3시리즈 12-16년식 앞 범퍼 51117293017 (TUV인증부품),210000,BMW
BMW 3시리즈 12-16년식 앞 범퍼 51117293085 (BM04126BA) (TUV인증부품),246000,BMW
BMW 3시리즈 12-16년식 앞 범퍼  51117293087 (TUV인증부품),210000,BMW
BMW 3시리즈 12-16년식 앞 범퍼 51117293089 (TUV인증부품),240000,BMW
BMW 3시리즈 12-16년식 앞 범퍼 51117293093 (TUV인증부품),240000,BMW
BMW 3시리즈 12-16년식 앞 범퍼 51117327279 (TUV인증부품),210000,BMW
BMW 3시리즈 12-16년식 앞 범퍼 51117327279 (TUV인증부품),210000,BMW
BMW 3시리즈 12-16년식 뒤 범퍼 51127312724 (TUV인증부품),262500,BMW
BMW 3시리즈 12-16년식 뒤 범퍼 51127312725 (TUV인증부품),262500,BMW
BMW 3시리즈 12-16년식 뒤 범퍼 51127312731 (TUV인증부품),262500,BMW
BMW 5시리즈 10-16년식 앞 범퍼 51117285963 (품질인증부품),315000,BMW
BMW 5시리즈 10-16년식 앞 범퍼 51117285964 (품질인증부품),315000,BMW
BMW 5시리즈 11-13년식 뒤 범퍼 51127238518 (품질인증부품),348000,BMW
BMW 5시리즈 13-16년식 앞 범퍼 51117332680 (품질인증부품),315000,BMW
BMW 5시리즈 14-16년식 뒤 범퍼 51127332764 (TUV인증부품),324000,BMW
BMW X3 07-11년식 뒤 범퍼 51123423776 (TUV인증부품),330000,BMW
BMW X3 07-11년식 뒤 범퍼 51123423777 (33-8532-WSH) 33-8532-OSH (TUV인증부품),296000,BMW
BMW X3 11-14년식 뒤 범퍼 51127278474 (TUV인증부품),280000,BMW
BMW X5 11-13년식 앞 하단 범퍼 (TUV인증부품),120000,BMW
BMW X5 11-13년식 앞 범퍼 51117222718 (TUV인증부품),240000,BMW
BMW X5 11-13년식 뒤 범퍼 51127227762 (TUV인증부품),284000,BMW
BMW X5 14-16년식 뒤 범퍼 51127378571 (TUV인증부품),270000,BMW
BMW X5 안개등 오른쪽  E70 11년-12년 63117224644 한국자동차부품협회 인증품 데포 depo,84600,BMW
BMW X5 안개등 왼쪽 E70 11년-12년 63117224643 한국자동차부품협회 인증품 데포 depo,84600,BMW
BMW 3시리즈 테일램프 오른쪽 F30 4D E31 WAGON 15년식 63217369118 한국자동차부품협회 인증품 데포 depo,186440,BMW
BMW 3시리즈 테일램프 왼쪽 F30 4D E31 WAGON 15년식 63217369117 한국자동차부품협회 인증품 데포 depo,186440,BMW
BMW 3시리즈 테일램프 왼쪽 F30 4D E31 WAGON  12년식-14년식 63217312845 한국자동차부품협회 인증품 데포 depo,133750,BMW
BMW3 테일램프 오른쪽 F30 4D/ E31 WAGON 12년식-14년식 63217312846 한국자동차부품협회 인증품 데포 depo,133750,BMW
"BMW3 테일램프 오른쪽 E90 4D E91 WAGON  08년식-11년식 63214871732,63217154154, 632172894 한국자동차부품협회 인증품 데포 depo",115870,BMW
"BMW3 테일램프 왼쪽 E90 4D E91 WAGON  08년-11년식 63217289425﻿, 63217154153, 63214871731 한국자동차부품협회 인증품 데포 depo",141600,BMW
BMW X5 테일램프 왼쪽 E70 11년식-12년식 63217227789﻿ 한국자동차부품협회 인증품 데포 depo,169920,BMW
BMW X5 테일램프 왼쪽 E70 11년식-12년식 63217227793 한국자동차부품협회 인증품 데포 depo,118940,BMW
BMW X5 테일램프 오른쪽 E70 11년-12년식 63217227794﻿ 한국자동차부품협회 인증품 데포 depo,118940,BMW
BMW 7시리즈 테일램프 오른쪽  F01 F02  09년식-15년식 63217182206﻿ 한국자동차부품협회 인증품 데포 depo,159730,BMW
BMW 7시리즈 테일램프 왼쪽  F01 F02 09년식-15년식 63217182205﻿ 한국자동차부품협회 인증품 데포 depo,159300,BMW
BMW 5시리즈 테일램프 오른쪽  F10 4D F11 WAGON 10-12년식 63217203230﻿ 한국자동차부품협회 인증품 데포 depo,214460,BMW
BMW 5시리즈 테일램프 왼쪽 F10 4D F11 WAGON 10~12년식 63217203229﻿ 한국자동차부품협회 인증품 데포 depo,214460,BMW
BMW 5시리즈 테일램프 오른쪽 F10 4D F11 WAGON  10-12년식 63217203226﻿ 한국자동차부품협회 인증품 데포 depo,126670,BMW
BMW 5시리즈 테일램프 왼쪽 F10 4D F11 WAGON 10-12년식 63217203225﻿ 한국자동차부품협회 인증품 데포 depo,126670,BMW
BMW 3시리즈 헤드라이트 왼쪽 F30 4D F31 WAGON 12-14년식 63117314531﻿ 한국자동차부품협회 인증품 데포 depo,624220,BMW
BMW 3시리즈 헤드라이트 오른쪽 F30 4D F31 WAGON 12-14년식 63117314532﻿ 한국자동차부품협회 인증품 데포 depo,624220,BMW
BMW 3시리즈 헤드라이트 왼쪽 E90 4D E91 WAGON 08-11년식 63117240247﻿ 한국자동차부품협회 인증품 데포 depo,593000,BMW
BMW 3시리즈 헤드라이트 오른쪽 E90 4D E91 WAGON 08-11년식 63117240248﻿ 한국자동차부품협회 인증품 데포 depo,593000,BMW
BMW5 헤드라이트 오른쪽  F21 3D F20 5D 11-14년식 63117296914﻿ 한국자동차부품협회 인증품 데포 depo,524680,BMW
BMW 5시리즈 헤드라이트 왼쪽  F21 3D/ F20 5D 11-14년식 63117296913﻿ 한국자동차부품협회 인증품 데포 depo,530580,BMW
BMW 5시리즈 헤드라이트 왼쪽 F10 4D  F11 WAGON 10-12년식 63117271911﻿ 한국자동차부품협회 인증품 데포 depo,780270,BMW
BMW 5시리즈 헤드라이트 오른쪽 F10 4D  F11 WAGON 10-12년식 63117271912﻿ 한국자동차부품협회 인증품 데포 depo,780270,BMW
BMW X1 E84 헤드라이트 오른쪽 13년식-14년식 63117290262 한국자동차부품협회 인증품 데포 depo,561790,BMW
BMW5 헤드라이트 오른쪽  F10 LCI F11WAGON 63117343912﻿ 한국자동차부품협회 인증품 데포 depo,780270,BMW
아우디 A3 뒤 범퍼 13-16년 8V5807067AGRU 한국자동차부품협회 인증품 AP,336800,아우디
아우디 A4 본넷 09-12년 8K0823029D 한국자동차부품협회 인증품 AP,422500,아우디
아우디 A4 우 휀더 09-12년 8K0821106A 한국자동차부품협회 인증품 AP,253000,아우디
아우디 A4 우 휀더 05-08년 8E0821106F 한국자동차부품협회 인증품 AP,382700,아우디
아우디 A4 좌 휀더 13-16년 8K0821105J 한국자동차부품협회 인증품 AP,253000,아우디
아우디 A4 좌 휀더 09-12년 8K0821105A 한국자동차부품협회 인증품 AP,253000,아우디
아우디 A6 본넷 12-14년 4G0823029A 한국자동차부품협회 인증품 AP,822700,아우디
아우디 A6 우 휀더 09-11년 4F0821104F 한국자동차부품협회 인증품 AP,336600,아우디
아우디 A6 좌 휀더 09-11년 4F0821103F 한국자동차부품협회 인증품 AP,336600,아우디
아우디 A6 좌 휀더 05-08년 4F0821103A 한국자동차부품협회 인증품 AP,336600,아우디
아우디 S4 본넷 05-08년 8E0823029D 한국자동차부품협회 인증품 AP,415700,아우디
아우디 S4 우 휀더 13-16년 8K0821106J 한국자동차부품협회 인증품 AP,253000,아우디
아우디 S4 좌 휀더 05-08년 8E0821105F 한국자동차부품협회 인증품 AP,248400,아우디
아우디 S6 본넷 07-11년 GLF5 4F0823029F 한국자동차부품협회 인증품 AP,783700,아우디
아우디 S6 뒤 범퍼 05-08년 4F5807303CGRU 한국자동차부품협회 인증품 AP,424400,아우디
아우디 A6 헤드라이트 왼쪽 09-11 HID+LED 4F0941029CP 한국자동차부품협회 인증품 TYC,566800,아우디
아우디 A6 헤드라이트 오른쪽 09-11 HID+LED 4F0941030CP 한국자동차부품협회 인증품 TYC,566800,아우디
아우디 A6 헤드라이트 오른쪽 09-현재 SDN 헤드램프 HID+LED 4F0941030CP 한국자동차부품협회 인증품 TYC,566800,아우디
아우디 A6 헤드라이트 왼쪽 08-11년식 4F0941003BJ 한국자동차부품협회 인증품 TYC,320100,아우디
아우디 A6 헤드라이트 오른쪽 08-11년식 4F0941004BJ 한국자동차부품협회 인증품 TYC,320100,아우디
아우디 A4 헤드라이트 왼쪽 07-11년식 HID/LED 헤드램프 8K0941029C 한국자동차부품협회 인증품 TYC,401800,아우디
아우디 A4 헤드라이트 오른쪽 07-11년식 HID/LED 헤드램프 8K0941030C 한국자동차부품협회 인증품 TYC,401800,아우디
아우디 A6 헤드라이트 왼쪽 04-08년식 HID헤드램프 4F0941030E 한국자동차부품협회 인증품 TYC,537900,아우디
아우디 A6 헤드라이트 오른쪽 04-08년식 HID헤드램프 4F0941029E 한국자동차부품협회 인증품 TYC,537900,아우디
아우디 A4 헤드라이트 왼쪽 04-07년식 HID헤드램프 8E0941029AS 한국자동차부품협회 인증품 TYC,466900,아우디
아우디 A4 헤드라이트 오른쪽 04-07년식 HID헤드램프 8E0941030AS 한국자동차부품협회 인증품 TYC,466900,아우디
아우디 A5 안개등 오른쪽 11년-현재 8T0941700C 한국자동차부품협회 인증품 TYC,68700,아우디
아우디 A6 안개등 왼쪽 08-11년식 4F0941699A 한국자동차부품협회 인증품 TYC,94900,아우디
아우디 A6 안개등 오른쪽 08-11년식 4F0941700A 한국자동차부품협회 인증품 TYC,94900,아우디
아우디 A4 안개등 왼쪽 01-04 SDN 안개등 8E0941699B 한국자동차부품협회 인증품 TYC,99000,아우디
아우디 A4 안개등 오른쪽 01-04 SDN 안개등 8E0941700B 한국자동차부품협회 인증품 TYC,99000,아우디
아우디 A4 안개등 왼쪽 13-현재 SDN 안개등 8K0941699B 한국자동차부품협회 인증품 TYC,70100,아우디
아우디 A4 안개등 오른쪽 13-현재 SDN 안개등 8K0941700B 한국자동차부품협회 인증품 TYC,70100,아우디
아우디 A4 테일램프 왼쪽 07-11년식 SDN 테일램프 8K5945095B 한국자동차부품협회 인증품 TYC,174900,아우디
아우디 A4 테일램프 오른쪽 07-11년식 SDN 테일램프 8K5945096B 한국자동차부품협회 인증품 TYC,174900,아우디
아우디 A4 테일램프 왼쪽 04-07년식 SDN 테일램프 8E5945095 한국자동차부품협회 인증품 TYC,89900,아우디
아우디 A4 테일램프 오른쪽 04-07년식 SDN 테일램프 8E5945096 한국자동차부품협회 인증품 TYC,89900,아우디
아우디 A3 09-12년식 본넷 8P0823029E (TUV인증부품),260000,아우디
아우디 A4 01-05년식 본넷 8E0823029﻿﻿ (TUV인증부품),315000,아우디
아우디 A4 01-05년식 본넷 8E0823029﻿﻿ (TUV인증부품),315000,아우디
아우디 A4 10-13년식 앞 범퍼 8K0807105GRU (TUV인증부품),240000,아우디
아우디 A4 13-16년식 뒤 범퍼 8K5807067AGRU (TUV인증부품),240000,아우디
아우디 A6 12-16년식 앞 범퍼 4G0807065GRU (TUV인증부품),285000,아우디
아우디 Q5 13-16년식 앞 범퍼 8R0807065CGRU (TUV인증부품),268000,아우디
아우디 Q5 13-16년식 뒤 범퍼 8R0807303GRU (TUV인증부품),210000,아우디
"아우디 A6 테일램프 04-08년식 오른쪽  4F5945096N, 4F5945096S 한국자동차부품협회 인증품 데포 Depo",210270,아우디
아우디 A6 안개등 왼쪽 04-08년식 4F0941699 한국자동차부품협회 인증품 데포 Depo,88260,아우디
아우디 A6 안개등 오른쪽 04-08년식 4F0941699 한국자동차부품협회 인증품 데포 Depo,87910,아우디
아우디 A5 안개등 왼쪽 09-11년식 8T0941699 한국자동차부품협회 인증품 데포 Depo,55100,아우디
아우디 A5 안개등 오른쪽 09-11년식 8T0941700 한국자동차부품협회 인증품 데포 Depo,55100,아우디
아우디 A4 안개등 왼쪽 08-11년식 8T0941700B 한국자동차부품협회 인증품 데포 Depo,60820,아우디
아우디 A4 안개등 오른쪽 08-11년식 8T0941700B 한국자동차부품협회 인증품 데포 Depo,60820,아우디
아우디 A6 테일램프 04 -08년식 오른쪽 4F5945096F 한국자동차부품협회 인증품 데포 Depo,142600,아우디
"아우디 A6 테일램프 왼쪽 09 -10년식  4F5945096J, 89380809 한국자동차부품협회 인증품 데포 Depo",184670,아우디
"아우디 A6 테일램프 오른쪽  09 -10년식  4F5945096J, 89380809 한국자동차부품협회 인증품 데포 Depo",184670,아우디
"아우디 A6 테일램프 오른쪽 11-13년식 4G5945096A, 4G5945096 한국자동차부품협회 인증품 데포 Depo",213630,아우디
"아우디 A6 테일램프 왼쪽 11-13년식 4G5945095A, 4G5945095 한국자동차부품협회 인증품 데포 Depo",213630,아우디
"아우디 A6 테일램프 오른쪽 11 - 13년식 4G5945096A, 4G5945096 한국자동차부품협회 인증품 데포 Depo",213630,아우디
아우디A4 테일램프 왼쪽 08-11년식 8K5945096B 한국자동차부품협회 인증품 데포 Depo,174870,아우디
아우디A4 테일램프 오른쪽 08-11년식 8K5945096B 한국자동차부품협회 인증품 데포 Depo,174870,아우디
아우디Q5 헤드라이트 왼쪽 13년식-16년식 8R0941043 한국자동차부품협회 인증품 데포 depo,443730,아우디
아우디Q5 헤드라이트 오른쪽 3년식-16년식 8R0941044 한국자동차부품협회 인증품 데포 depo,443730,아우디
아우디Q5 헤드라이트 왼쪽 08년식-12년식 8R0941030AF 한국자동차부품협회 인증품 데포 depo,524740,아우디
아우디Q5 헤드라이트 오른쪽 Q5  08년식-12년식 8R0941030AF 한국자동차부품협회 인증품 데포 depo,524740,아우디
아우디A6 헤드라이트 왼쪽 11년식-13년식 4G0941043 한국자동차부품협회 인증품 데포 depo,553060,아우디
"아우디A6 헤드라이트 오른쪽 11년식-13년식 4G0941044, 4GD941006 한국자동차부품협회 인증품 데포 depo",553060,아우디
아우디 A6 헤드라이트 왼쪽 09년식-10년식 4F0941029CP 한국자동차부품협회 인증품 데포 depo,515180,아우디
아우디 A6 헤드라이트 오른쪽 09년식-10년식 4F0941030CP 한국자동차부품협회 인증품 데포 depo,515180,아우디
아우디 A6 헤드라이트 왼쪽 04년식-08년식  4F0941029E 1EL008881111 한국자동차부품협회 인증품 데포 depo,488930,아우디
아우디 A4 헤드라이트 오른쪽 S4 08년식-11년식 8K0941030AJ 한국자동차부품협회 인증품  데포 depo,394290,아우디
"아우디 A4 헤드라이트 왼쪽 12년식-14년식 8K0941043, 8K0941043C 한국자동차부품협회 인증품 데포 depo",426570,아우디
아우디 A4 헤드라이트 오른쪽 12년식-14년식 8K0941044C 한국자동차부품협회 인증품 depo 데포,426570,아우디
폭스바겐 제타 본넷 11-16년식 5C6823031D 한국자동차부품협회 인증품 AP,292100,폭스바겐
폭스바겐 골프 6세대 본넷 10-14년식 5K0823031G  한국자동차부품협회 인증품 AP,297400,폭스바겐
폭스바겐 제타 휀더 오른쪽 11-17년식 5C6821106A  한국자동차부품협회 인증품 AP,165400,폭스바겐
폭스바겐 제타 휀더 왼쪽 11-17년식 5C6821105A한국자동차부품협회 인증품 AP,159000,폭스바겐
폭스바겐 제타 휀더 오른쪽 05-10년식 1K5821022A 한국자동차부품협회 인증품 AP,147800,폭스바겐
폭스바겐 제타 휀더 왼쪽 05-10년식 1L5821021A 한국자동차부품협회 인증품 AP,179700,폭스바겐
폭스바겐 골프 6세대 휀더 오른쪽 10-14년식 5K6821022B 한국자동차부품협회 인증품 AP,184400,폭스바겐
폭스바겐 골프 6세대 휀더 왼쪽 5K6821021A 한국자동차부품협회 인증품 AP,161100,폭스바겐
폭스바겐 파사트 뒤 범퍼 12-15년식 561807421DGRU 한국자동차부품협회 인증품 AP-Procom,465500,폭스바겐
폭스바겐 제타 뒤 범퍼 15-16년식 5C6807421FGRU 한국자동차부품협회 인증품 AP-Procom,416300,폭스바겐
폭스바겐 제타 뒤 범퍼 05-10년식 1K5807417HGRU 한국자동차부품협회 인증품 AP-Procom,364800,폭스바겐
폭스바겐 뉴비틀 앞 범퍼 06-10년식 1C0807079AGRU 한국자동차부품협회 인증품 AP-Procom,370600,폭스바겐
폭스바겐 티구안 헤드라이트 왼쪽 11년식-현재 5N1941006 한국자동차부품협회 인증품 TYC,205300,폭스바겐
폭스바겐 티구안 헤드라이트 오른쪽 11년식-현재 5N1941005 한국자동차부품협회 인증품 TYC,205300,폭스바겐
폭스바겐 골프 헤드라이트 왼쪽 12년식-현재 5G1941005 헤드램프 한국자동차부품협회 인증품 TYC,194100,폭스바겐
폭스바겐 골프 헤드라이트 오른쪽 12년식-현재 5G1941006 헤드램프 한국자동차부품협회 인증품 TYC,194100,폭스바겐
폭스바겐 제타 헤드라이트 왼쪽 11년식-현재 16D941005 SDN 헤드램프 한국자동차부품협회 인증품 TYC,173600,폭스바겐
폭스바겐 제타 헤드라이트 오른쪽 11년식-현재 16D941006 SDN 헤드램프 한국자동차부품협회 인증품 TYC,166900,폭스바겐
폭스바겐 골프 GLF6 헤드라이트 왼쪽 08-12년식 5K1941005L 한국자동차부품협회 인증품 TYC,187700,폭스바겐
폭스바겐 골프 GLF6 헤드라이트 오른쪽 08-12년식 5K1941006L 한국자동차부품협회 인증품 TYC,187700,폭스바겐
폭스바겐 골프 GLF5 헤드라이트 왼쪽 03-08년식 1K6941006A(호환) 한국자동차부품협회 인증품 TYC,182900,폭스바겐
폭스바겐 골프 GLF5 헤드라이트 왼쪽 04-08년식 1K6941005P 한국자동차부품협회 인증품 TYC,182900,폭스바겐
폭스바겐 골프 GLF5 헤드라이트 오른쪽 03-08년식 1K6941005A(호환)  한국자동차부품협회 인증품 TYC,182900,폭스바겐
폭스바겐 골프 GLF5 헤드라이트 오른쪽 04-08년식 1K6941006P  한국자동차부품협회 인증품 TYC,182900,폭스바겐
폭스바겐 골프 안개등 왼쪽 12-현재 5G0941661D W/RUBBER 한국자동차부품협회 인증품 TYC,70600,폭스바겐
폭스바겐 골프 안개등 오른쪽 12-현재 5G0941662D W/RUBBER 한국자동차부품협회 인증품 TYC,59600,폭스바겐
폭스바겐 제타 안개등 왼쪽 10-현재 5K0941699B SDN안개등 한국자동차부품협회 인증품 TYC,68800,폭스바겐
폭스바겐 제타 안개등 오른쪽 10-현재 5K0941700B SDN안개등 한국자동차부품협회 인증품 TYC,68800,폭스바겐
폭스바겐 골프  GLF6 안개등 왼쪽 08-12년식 5K0941699 한국자동차부품협회 인증품 TYC,61200,폭스바겐
폭스바겐 골프  GLF6 안개등 오른쪽 08-12년식 5K0941700 한국자동차부품협회 인증품 TYC,62000,폭스바겐
폭스바겐 골프  GLF5 안개등 오른쪽 03-08년식 1K0941699C 한국자동차부품협회 인증품 TYC,67800,폭스바겐
폭스바겐 골프  GLF5 안개등 오른쪽 03-08년식 1K0941700C한국자동차부품협회 인증품 TYC,67800,폭스바겐
폭스바겐 제타 안개등 왼쪽 05-11년식 1T0941699D 한국자동차부품협회 인증품 TYC,61100,폭스바겐
폭스바겐 제타 안개등 오른쪽 05-11년식 1T0941700D 한국자동차부품협회 인증품 TYC,61100,폭스바겐
폭스바겐 골프 PLS 안개등 왼쪽 05-09년식 1T0941699C 한국자동차부품협회 인증품 TYC,68500,폭스바겐
폭스바겐 골프 PLS 안개등 오른쪽 05-09년식 1T0941700C 한국자동차부품협회 인증품 TYC,68500,폭스바겐
폭스바겐 제타 안개등 왼쪽 15년식-현재 5C7941699P 한국자동차부품협회 인증품 TYC,73400,폭스바겐
폭스바겐 제타 안개등 오른쪽 15년식-현재 5C7941700P 한국자동차부품협회 인증품 TYC,73400,폭스바겐
폭스바겐 골프 테일램프 왼쪽 12-현재 GLF7  5G0945095B 한국자동차부품협회 인증품 TYC,65600,폭스바겐
폭스바겐 골프 테일램프 오른쪽 12-현재 GLF7  5G0945096B 한국자동차부품협회 인증품 TYC,65600,폭스바겐
폭스바겐 골프 테일램프 왼쪽 12-현재 GLF7  5G0945095 한국자동차부품협회 인증품 TYC,65600,폭스바겐
폭스바겐 골프 테일램프 오른쪽 12-현재 GLF7 5G0945096 한국자동차부품협회 인증품 TYC,65600,폭스바겐
폭스바겐 골프 테일램프 왼쪽 03-08년식 GLF5 HB 테일램프 1K6945095J 한국자동차부품협회 인증품 TYC,62000,폭스바겐
폭스바겐 골프 테일램프 오른쪽 03-08년식 GLF5 HB 테일램프 1K6945096J 한국자동차부품협회 인증품 TYC,62000,폭스바겐
폭스바겐 티구안 앞 범퍼 07-11년식 5N0807217FGRU 한국자동차부품협회 인증품(TUV인증부품),220000,폭스바겐
폭스바겐 티구안 앞 범퍼 08-17년식 5N0807217GGRU 한국자동차부품협회 인증품(TUV인증부품),200000,폭스바겐
폭스바겐 티구안 뒤 범퍼 09-16년식 5N0807421CGRU 한국자동차부품협회 인증품(TUV인증부품),240000,폭스바겐
폭스바겐 골프 뒤 범퍼 5세대 06-09년식 1K6807417CGRU 한국자동차부품협회 인증품(TUV인증부품),225000,폭스바겐
폭스바겐 골프 뒤 범퍼 5세대 06-09년식 1K6807417DGRU 한국자동차부품협회 인증품(TUV인증부품),225000,폭스바겐
폭스바겐 파사트CC 앞 범퍼 09-12년식 3C8807217MGRU 한국자동차부품협회 인증품(TUV인증부품),220000,폭스바겐
폭스바겐 파사트CC 뒤 범퍼 09-12년식 3C8807417QGRU 한국자동차부품협회 인증품(TUV인증부품),270000,폭스바겐
폭스바겐 파사트 뒤 범퍼 06-10년식 3C5807417HGRU 한국자동차부품협회 인증품(TUV인증부품),360000,폭스바겐
폭스바겐 파사트 뒤 범퍼 12-16년식 561807421GRU 한국자동차부품협회 인증품(TUV인증부품),240000,폭스바겐
폭스바겐 파사트 라디에이터 그릴 09-12년식 3C8853651QGRU 한국자동차부품협회 인증품(TUV인증부품),172000,폭스바겐
폭스바겐 파사트 앞 범퍼 12-16년식 561807217BGRU 한국자동차부품협회 인증품(TUV인증부품),225000,폭스바겐
폭스바겐 비틀 뒤 범퍼 12-14년식 5C5807417CGRU 한국자동차부품협회 인증품(TUV인증부품),270000,폭스바겐
폭스바겐 제타 본넷 11-16년식 5C6823031C 한국자동차부품협회 인증품(TUV인증부품),280000,폭스바겐
폭스바겐 제타 라디에이터 그릴 15-16년식 5C6853651AJZLL 한국자동차부품협회 인증품(TUV인증부품),160000,폭스바겐
폭스바겐 골프 앞 범퍼 15-17년식 5GM807217GRU 한국자동차부품협회 인증품(TUV인증부품),210000,폭스바겐
폭스바겐 파사트 안개등 왼쪽 12년식 3C8941700 한국자동차부품협회 인증품 데포사,76580,폭스바겐
폭스바겐 파사트 안개등 오른쪽 12년식 3C8941700 한국자동차부품협회 인증품 데포사,760980,폭스바겐
폭스바겐 골프 GOLF VI 안개등 왼쪽 08-12년식 5K0941700 한국자동차부품협회 인증품 데포 depo,55570,폭스바겐
"폭스바겐 골프 GOLF VI 안개등 오른쪽 08-12년식 5K0941669, 7P6941669 한국자동차부품협회 인증품 데포 depo",55570,폭스바겐
"폭스바겐 티구안 테일램프 왼쪽 11-15년식 5N0945095N, 5N0945095Q 한국자동차부품협회 인증품 데포사",79060,폭스바겐
"폭스바겐 골프VI 테일램프 왼쪽/ 08-12년식 5K0945095D, 5K0945095E, 5K0945095N 한국자동차부품협회 인증품 데포사",66370,폭스바겐
"폭스바겐 골프 VI 테일램프 오른쪽 08-12년식 5K0945096E, 5K0945096N 한국자동차부품협회 인증품 데포사",76220,폭스바겐
"폭스바겐 골프 VI 테일램프 왼쪽 08-12년식  5K0945095E, 5K0945095N 한국자동차부품협회 인증품 데포사",76220,폭스바겐
"폭스바겐 골프 VI 테일램프 오른쪽 08-12년식 5K0945096D, 5K0945096E, 5K0945096N 한국자동차부품협회 인증품 데포사",66370,폭스바겐
폭스바겐 파사트 CC 헤드램프/헤드라이트 왼쪽 08년식-11년식  3C8941754C 한국자동차부품협회 인증품 데포 depo,472590,폭스바겐
폭스바겐 파사트  CC 헤드램프/헤드라이트 오른쪽  08년식 - 11년식 3C8941754C 한국자동차부품협회 인증품 데포 depo,472590,폭스바겐
"폭스바겐 제타 헤드램프/헤드라이트 오른쪽 11년식 - 14년식 5C7941006A, 16D941006 한국자동차부품협회 인증품 데포 depo",183780,폭스바겐
"폭스바겐 제타 헤드램프/헤드라이트 왼쪽 11년식-14년식 5C7941005A, 16D941005 한국자동차부품협회 인증품 데포 depo",183780,폭스바겐
폭스바겐 골프 VII GTI GTD 헤드라이트 왼쪽13년식-16년식 5G1941754 한국자동차부품협 인증품 데포 depo,464440,폭스바겐
폭스바겐 골프 VII GTI GTD 헤드라이트 오른쪽 13년식-16년식 5G1941754 한국자동차부품협회 인증품 데포 depo,464440,폭스바겐
"폭스바겐 골프 VI 헤드램프/헤드라이트 왼쪽 08년식-12년식 1EG00990102, 5K1941006L 한국자동차부품협회 인증품 데포 depo",170560,폭스바겐
"폭스바겐 골프 VI 헤드램프/헤드라이트 오른쪽 08년식-12년식 1EG00990102, 5K1941006L 한국자동차부품협회 인증품 데포 depo",170560,폭스바겐
도요타 캠리 휀더 오른쪽 12-14년식 5381106140 한국자동차부품협회 인증품 AP,208900,도요타
도요타 캠리 휀더 왼쪽 12-14년식 5381206150 한국자동차부품협회 인증품 AP,208900,도요타
도요타 시에나 앞 범퍼 11-15년식 5211908902 한국자동차부품협회 인증품 AP-Procom,274300,도요타
도요타 코롤라 앞 범퍼 09-10년식 5211902990 한국자동차부품협회 인증품 AP-Procom,223600,도요타
도요타 캠리 앞 범퍼 12-14년식 5211906974 한국자동차부품협회 인증품 AP-Procom,252300,도요타
도요타 캠리 앞 범퍼 07-12년식 5211906919 한국자동차부품협회 인증품 AP-Procom,287300,도요타
도요타 캠리 07-09년식 앞 범퍼 5211906919 (TUV인증부품),170000,도요타
도요타 캠리 CAMRY 07-09년식 앞 범퍼 5211906921 (TUV인증부품),180000,도요타
도요타 캠리 CAMRY 07-11년식 뒤 범퍼 5215906910 (TUV인증부품),230000,도요타
도요타 캠리 CAMRY 07-11년식 뒤 범퍼  5215906912 (TUV인증부품),156000,도요타
도요타 캠리 CAMRY 07-11년식 뒤 범퍼 5215906950 (품질인증부품),200000,도요타
"도요타 캠리 CAMRY 07-11년식 본넷 5330106090, 5330133120 (TY20143A) (TUV인증부품)",250000,도요타
"도요타 캠리 CAMRY 07-11년식 좌 휀다 5380206120, 5380133170 (TUV인증부품)",200000,도요타
"도요타 캠리  07-11년식 우 휀다 5380106110, 5380233170, 5380133160 (TUV인증부품)",200000,도요타
도요타 캠리 10-11년식 앞 범퍼 5211933967 (TUV인증부품),180000,도요타
도요타 캠리 CAMRY 12-14년식 앞 범퍼 5211906974 5211906976 (TUV인증부품),252300,도요타
도요타 캠리 CAMRY 12-14년식 뒤 범퍼 5215906961 (TUV인증부품),196000,도요타
도요타 캠리 CAMRY 12-14년식 뒤 범퍼 5215906963 (TUV인증부품),160000,도요타
도요타 캠리 CAMRY 12-17년식 앞 범퍼 5211907912 (TUV인증부품),150000,도요타
도요타 캠리 CAMRY 15-17년식 본넷 5330106160  (TUV인증부품),99800,도요타
도요타 CAMRY 15-17년식 우 휀다 5381106200 (TUV인증부품),99800,도요타
도요타 TOYOTA CAMRY 15-17년식 좌 휀다 5381206210 (TUV인증부품),99800,도요타
도요타 TOYOTA PRIUS 10-11년식 앞 범퍼 5211947917 (TUV인증부품),200000,도요타
도요타 TOYOTA PRIUS 10-11년식 앞 범퍼 5211947917 (TUV인증부품),200000,도요타
도요타 TOYOTA PRIUS 10-11년식 라디에이터 그릴 5311147020 (TUV인증부품,52000,도요타
도요타 TOYOTA PRIUS 10-14년식 본넷 5330147050 (TUV인증부품),200000,도요타
도요타 TOYOTA PRIUS 10-14년식 우 휀다 5380147040 (TUV인증부품),165000,도요타
도요타 TOYOTA PRIUS 10-14년식 좌 휀다 5380247040 (TUV인증부품),165000,도요타
도요타 TOYOTA PRIUS 10-14년식 우 휀다 5380147050 (TUV인증부품),150000,도요타
도요타 TOYOTA PRIUS 10-14년식 좌 휀다 5380247050 (TUV인증부품),150000,도요타
도요타 TOYOTA PRIUS 12-16년식 앞 범퍼 5211947934 (TUV인증부품),180000,도요타
도요타 TOYOTA PRIUS V 12-16년식 우 휀다 5380147070 (TUV인증부품),146000,도요타
도요타 TOYOTA PRIUS V 12-16년식 좌 휀다 5380247090 (TUV인증부품),146000,도요타
도요타 TOYOTA PRIUS V 12-16년식 앞 범퍼  5211947949 (TUV인증부품),220000,도요타
도요타 TOYOTA RAV4 06-08년식 뒤 범퍼 5215942906  (TUV인증부품),195000,도요타
도요타 TOYOTA RAV4 06-08년식 우 휀다 5380142140  (TUV인증부품),220000,도요타
도요타 TOYOTA RAV4 06-08년식 좌 휀다 5380242190 (TUV인증부품),220000,도요타
도요타 TOYOTA RAV4 09-12년식 앞 범퍼 5211942970 (TUV인증부품),220000,도요타
도요타 TOYOTA RAV4 09-12년식 우 휀다 5380142160 (TUV인증부품),176000,도요타
도요타 TOYOTA RAV4 13-15년식 본넷 5330142120(TY20223B) (TUV인증부품),232000,도요타
도요타 TOYOTA RAV4 13-15년식 우 휀다 5380142170 (추부 C-3-3) (TUV인증부품),165000,도요타
도요타 TOYOTA RAV4 13-15년식 좌 휀다 5380242200 (TUV인증부품),165000,도요타
렉서스 ES350 본넷 13-17년 5330133160 한국자동차부품협회 인증품 AP,537000,렉서스
렉서스 ES300h 휀더 오른쪽 13-17년 5381133230 한국자동차부품협회 인증품 AP,242400,렉서스
렉서스 ES300h 휀더 왼쪽 13-17년 5381233230 한국자동차부품협회 인증품 AP,242400,렉서스
렉서스 RX350 10-15년 5210548903 한국자동차부품협회 인증품 AP-Procom,339500,렉서스
렉서스 ES350 10-12년 5211933974 한국자동차부품협회 인증품 AP-Procom,283700,렉서스
렉서스 ES350 07-12년 5215933923 한국자동차부품협회 인증품 AP-Procom,318800,렉서스
렉서스 ES350 10-12년 5211933974 한국자동차부품협회 인증품 AP-Procom,283700,렉서스
렉서스 ES350 07-09년 5211933945 한국자동차부품협회 인증품 AP-Procom,265400,렉서스
렉서스 ES350 07-09년 5211933945 한국자동차부품협회 인증품 AP-Procom,265400,렉서스
렉서스 IS250 뒤 범퍼 11-13년식 5215953933 한국자동차부품협회 인증품(TUV인증부품),168000,렉서스
렉서스 IS250 IS350 뒤 범퍼 06-08년식 5215953906 한국자동차부품협회 인증품(TUV인증부품),240000,렉서스
렉서스 GS350 앞 범퍼 06-07년식 5211930968 한국자동차부품협회 인증품(TUV인증부품),168000,렉서스
렉서스 ES350 뒤 범퍼 04-06년식 5215933911 한국자동차부품협회 인증품(TUV인증부품),196000,렉서스
렉서스 ES350 앞 범퍼 07-12년식 5211933945 한국자동차부품협회 인증품(TUV인증부품),150000,렉서스
렉서스 ES350 뒤 범퍼 07-12년식 5215933922 한국자동차부품협회 인증품(TUV인증부품),199000,렉서스
렉서스 ES350 뒤 범퍼 07-12년식 5215933923(TY04408BDQ) 한국자동차부품협회 인증품(TUV인증부품),210000,렉서스
렉서스 ES350 앞 범퍼 10-12년식 5211933974 한국자동차부품협회 인증품(TUV인증부품),170000,렉서스
렉서스 ES350 좌 휀더 12-15년식 5381233230 한국자동차부품협회 인증품(TUV인증부품),246400,렉서스
렉서스 ES350 라디에이터 그릴 13-15년식 5311133440 한국자동차부품협회 인증품(TUV인증부품),152000,렉서스
렉서스 ES350 뒤 범퍼 07-12년식 5215933923 한국자동차부품협회 인증품(TUV인증부품),199000,렉서스
지프 그랜드체로키 휀더 오른쪽 14-15년 55369596AD 한국자동차부품협회 인증품 AP-Procom,267200,Jeep
지프 그랜드체로키 휀더 왼쪽 14-15년 55369597AE 한국자동차부품협회 인증품 AP,267200,Jeep
지프 그랜드체로키 휀더 왼쪽 14-15년 55369597AE 한국자동차부품협회 인증품 AP-Procom,267200,Jeep
지프 그랜드체로키 앞 범퍼 14-15년 68214172AA 한국자동차부품협회 인증품 AP-Procom,487700,Jeep
지프 레니게이드 앞 범퍼 15-17년 5XB40LXHAA 한국자동차부품협회 인증품 AP-Procom,235400,Jeep
지프 컴패스앞 범퍼 07-10년 68002271AC 한국자동차부품협회 인증품 AP-procom,343200,Jeep
지프 컴패스 앞 범퍼 07-09년식 68002271A 한국자동차부품협회 인증품(TUV인증),280000,Jeep
지프 컴패스 본넷 11-14년식 68079255A 한국자동차부품협회 인증품(TUV인증),586000,Jeep
지프 컴패스 뒤 범퍼 11-16년식 68109898A 한국자동차부품협회 인증품(TUV인증),200000,Jeep
지프 체로키 우 휀더 14-16년식 68103308AD 한국자동차부품협회 인증품(TUV인증),118000,Jeep
지프 체로키 좌 휀더 14-16년식 68103309AD AM10026AL 한국자동차부품협회 인증품(TUV인증),118000,Jeep
지프 컴패스 좌 휀더 11-14년식 68085303A 한국자동차부품협회 인증품(TUV인증),150000,Jeep
지프 컴패스 우 휀더 11-14년식 68085302A 한국자동차부품협회 인증품(TUV인증),150000,Jeep
지프 그랜드체로키 우 휀더 05-10년식 55394450A 한국자동차부품협회 인증품(TUV인증),150000,Jeep
지프 그랜드체로키 좌 휀더 05-10년식 55394451A 한국자동차부품협회 인증품(TUV인증),150000,Jeep
지프 그랜드체로키 본넷 05-10년식 55394496A 한국자동차부품협회 인증품(TUV인증),400000,Jeep
지프 그랜드체로키 뒤 범퍼 11-13년식 68078314A 한국자동차부품협회 인증품(TUV인증),300000,Jeep
지프 그랜드체로키 본넷 11-16년식 55369587A 한국자동차부품협회 인증품(TUV인증),640000,Jeep
지프 그랜드체로키 우 휀더 11-16년식 55369596A 한국자동차부품협회 인증품(TUV인증),200000,Jeep
지프 그랜드체로키 좌 휀더 11-16년식 55369597A 한국자동차부품협회 인증품(TUV인증),200000,Jeep
지프 그랜드체로키 뒤 범퍼 11-16년식 68078309A 한국자동차부품협회 인증품(TUV인증),300000,Jeep
지프 그랜드체로키 뒤 범퍼 11-16년식 68085679A 한국자동차부품협회 인증품(TUV인증),300000,Jeep
지프 그랜드체로키 앞 범퍼 14-16년식 68214172A 한국자동차부품협회 인증품(TUV인증),270000,Jeep
지프 랭글러 우 휀더 07-16년식 68002398A 한국자동차부품협회 인증품(TUV인증),460000,Jeep
지프 랭글러 좌 휀더 07-16년식 68002399A 한국자동차부품협회 인증품(TUV인증),460000,Jeep
지프 랭글러 본넷 13-14년식 68170741A 한국자동차부품협회 인증품(TUV인증),450000,Jeep
크라이슬러 PT크루저 앞 범퍼 06-10년 68166405AA 한국자동차부품협회 인증품 AP-Procom,645700,크라이슬러
크라이슬러 200 앞 범퍼 15-17년 5SH88TZZAB 한국자동차부품협회 인증품 AP-Procom,523900,크라이슬러
크라이슬러 300C CHRYCLER 11-14년식 우 휀다  55113438A (TUV인증부품),98000,크라이슬러
크라이슬러 300C CHRYCLER 11-14년식 좌 휀다  55113439A (TUV인증부품),98000,크라이슬러
크라이슬러 CHRYCLER 300C 11-14년식 뒤 범퍼 68127950A (품질인증부품),300000,크라이슬러
크라이슬러 300C CHRYCLER 11-14년식 뒤 범퍼  68127951A  (TUV인증부품),300000,크라이슬러
크라이슬러 CHRYCLER 300C 11-14년식 본넷 68127958A (CR10020A) (TUV인증부품),660000,크라이슬러
볼보 V70 헤드라이트 왼쪽 08년-현재 31214351 한국자동차부품협회 인증품 TYC,281800,볼보
볼보 S60 헤드라이트 왼쪽 00-04년식 8693587 한국자동차부품협회 인증품 TYC,245200,볼보
볼보 S60 헤드라이트 오른쪽 00-04년식 8693588 한국자동차부품협회 인증품 TYC,245200,볼보
볼보 S80 안개등 왼쪽 06-12년식 31213101 한국자동차부품협회 인증품 TYC,115400,볼보
볼보 S80 안개등 오른쪽 06-12년식 31213102 한국자동차부품협회 인증품 TYC,115400,볼보
볼보 S60 안개등 왼쪽 05-09년식 8693336 한국자동차부품협회 인증품 TYC,102100,볼보
볼보 S60 안개등 왼쪽 05-09년식 8693336 한국자동차부품협회 인증품 TYC,102100,볼보
볼보 S60 안개등 오른쪽 05-09년식 8693337 한국자동차부품협회 인증품 TYC,102100,볼보
볼보 S80 안개등 왼쪽 98-06년식 8620224 한국자동차부품협회 인증품 TYC,80200,볼보
볼보 S80 안개등 오른쪽 98-06년식 8620225 한국자동차부품협회 인증품 TYC,80200,볼보
볼보 S40 안개등 왼쪽 04-07년식 30698627 한국자동차부품협회 인증품 TYC,94800,볼보
볼보 S40 안개등 오른쪽 04-07년식 30698628 한국자동차부품협회 인증품 TYC,94800,볼보
볼보 S60 안개등 왼쪽 00-04년식 9178184 한국자동차부품협회 인증품 TYC,102100,볼보
볼보 S60 안개등 오른쪽 00-04년식 9178185 한국자동차부품협회 인증품 TYC,107100,볼보
포드 이스케이프 휀더 오른쪽 08-12년 8L8Z16005A 한국자동차부품협회 인증품 AP,241000,포드
포드 이스케이프 뒤 범퍼 13-14년 CJ5Z17K835CA 한국자동차부품협회 인증품 AP-Procom,247600,포드
포드 이스케이프 뒤 범퍼 08-12년 8L8Z17K835ACP 한국자동차부품협회 인증품 AP-Procom,313600,포드
포드 이스케이프 앞 범퍼 13-14년 CJ5Z17D957BCPTM 한국자동차부품협회 인증품 AP-Procom,387700,포드
포드 ESCAPE 08-10년식 본넷 8L8Z16612A (FD20137AQ) (TUV인증부품),402000,포드
포드 EXPLORER 02-06년식 뒤 범퍼 1L2Z17K835ZA (TUV인증부품),250000,포드
포드 EXPLORER 06-10년식 우 휀다 6L2Z16006BA (TUV인증부품),250000,포드
포드 EXPLORER 06-10년식 좌 휀다 6L2Z16006BA (TUV인증부품),250000,포드
포드 EXPLORER 06-10년식 본넷 6L2Z16612AA (TUV인증부품),786000,포드
포드 EXPLORER 06-10년식 앞 범퍼 6L2Z17D957VAPTM (TUV인증부품),300000,포드
포드 EXPLORER 07-10년식 우 휀다 7A2Z16005A (7A2Z16005A) (TUV인증부품),164000,포드
포드 EXPLORER 07-10년식 좌 휀다 7A2Z16006A (TUV인증부품),164000,포드
포드 EXPLORER 11-15년식 좌 휀다 BB5Z16006A (TUV인증부품),220000,포드
포드 FOCUS 12-14년식 우 휀다 BM5Z16005A (품질인증부품),196000,포드
포드 FOCUS 12-14년식 좌 휀다 BM5Z16006A (FD10201AL) (품질인증부품),196000,포드
포드 FOCUS 12-16년식 앞 범퍼 BM5Z17D957CAPTM (FD04376BBQ) (TUV인증부품),200000,포드
포드 FOCUS 12-16년식 뒤 범퍼 BM5Z17K835CBPTM (TUV인증부품),220000,포드
포드 FOCUS 12-16년식 뒤 범퍼 CP9Z17K835BAPTM(TUV인증부품),300000,포드
포드 TAURUS 13-15년식 뒤 범퍼  DG1Z17K835GAPTM (TUV인증부품),200000,포드
혼다 어코드 휀더 오른쪽 14-15년 60211T2FA90ZZ 한국자동차부품협회 인증품 AP,230600,혼다
혼다 어코드 휀더 왼쪽 14-15년 60261T2FA90ZZ 한국자동차부품협회 인증품 AP,230600,혼다
혼다 어코드 휀더 오른쪽 08-12년 60210TA0A90ZZ 한국자동차부품협회 인증품 AP,221100,혼다
혼다 어코드 휀더 왼쪽 08-12년 60260TA0A91ZZ 한국자동차부품협회 인증품 AP,221100,혼다
혼다 오딧세이 앞 범퍼 11-16년 04711TK8A81ZZ 한국자동차부품협회 인증품 AP-Procom,496800,혼다
혼다 오딧세이 앞 범퍼 11-15년 04711TK8A91ZZ 한국자동차부품협회 인증품 AP-Procom,314100,혼다
혼다 오딧세이 앞 범퍼 08-10년 04711SHJA91ZZ 한국자동차부품협회 인증품 AP-Procom,412900,혼다
혼다 시빅 앞 범퍼 06-08년 04711SNEA90ZZ 한국자동차부품협회 인증품 AP-Procom,354800,혼다
혼다 어코드 앞 범퍼 13-15년 04711T2AA90ZZ 한국자동차부품협회 인증품 AP-Procom,219200,혼다
혼다 어코드 앞 범퍼 11-12년 04711TA0A91ZZ 한국자동차부품협회 인증품 AP-Procom,352400,혼다
혼다 어코드 앞 범퍼 08-10년 04711TA0A90ZZ 한국자동차부품협회 인증품 AP-Procom,449200,혼다
혼다 ACCORD 라디에이터 그릴 08-10년식 71121TA0A00 한국자동차부품협회 인증품(TUV인증부품),72000,혼다
혼다 ACCORD 08-12년식 우 휀더 60210TA0A90ZZ 60210TA0A91ZZ (TUV인증부품),150000,혼다
혼다 ACCORD 08-12년식 좌 휀더 60260TA0A90ZZ 60260TA0A91ZZ(TUV인증부품),150000,혼다
혼다 ACCORD 08-12년식 뒤 범퍼 04715TA1A90ZZ(TUV인증부품),236500,혼다
혼다 ACCORD 08-12년식 앞 범퍼 04715TA0A90ZZ(TUV인증부품),164000,혼다
혼다 ACCORD 08-10년식 앞 범퍼 04711TA0A90ZZ(TUV인증부품),449200,혼다
혼다 ACCORD 13-16년식 앞 범퍼 04711T2AA90ZZ(TUV인증부품),190000,혼다
혼다 ACCORD 13-16년식 우 휀다 60211T2FA90ZZ (TUV인증부품),194000,혼다
혼다 ACCORD 13-16년식 좌 휀다  60261T2FA90ZZ (TUV인증부품),194000,혼다
혼다 ACCORD 13-16년식 라디에이터 그릴 71121T2FA01 (HD07157GAQ) (TUV인증부품),72000,혼다
혼다 CR-V 07-09년식 앞 범퍼 04711SWAA91ZZ (TUV인증부품),150000,혼다
혼다 CR-V 07-09년식 뒤 범퍼 04715SWAA90 (TUV인증부품),135000,혼다
혼다 CR-V 07-11년식 우 휀다 60211SWAA91ZZ (TUV인증부품),120000,혼다
혼다 CR-V 07-11년식 좌 휀다 60261SWAA91ZZ  (TUV인증부품),120000,혼다
혼다 CR-V 10-11년식 뒤 범퍼 04715SWAA80ZZ (TUV인증부품),135000,혼다
혼다 CR-V 10-11년식 본넷 60100SWAA91ZZ (TUV인증부품),240000,혼다
혼다 CR-V 12-14년식 본넷 60100T0JA91ZZ (TUV인증부품),290000,혼다
혼다 CR-V 12-14년식 우 휀다 60210T0AA90ZZ (TUV인증부품),150000,혼다
혼다 CR-V 12-14년식 좌 휀다 60260T0AA90ZZ (TUV인증부품),150000,혼다
닛산 패스파인더 본넷 13-16년식 651003KA0A 한국자동차부품협회 인증품 AP,364300,닛산
닛산 패스파인더 휀더 왼쪽 13-15년식 631013KA0B 한국자동차부품협회 인증품 AP,203100,닛산
닛산 패스파인더 휀더 오른쪽 13-15년식 631003KA0B 한국자동차부품협회 인증품 AP,227200,닛산
닛산 알티마 휀더 오른쪽 07-12년식 63100JA030 한국자동차부품협회 인증품 AP,197900,닛산
닛산 알티마 휀더 왼쪽 07-12년식 63101ZN55A 한국자동차부품협회 인증품 AP,253400,닛산
닛산 알티마 뒤 범퍼 16-17년식 850229HS2H 한국자동차부품협회 인증품 AP-Procom,179200,닛산
닛산 알티마 뒤 범퍼 13-15년식 850223TA0H 한국자동차부품협회 인증품 AP-Procom,217800,닛산
닛산 알티마 앞범퍼 16-17년식 620229HS2H 한국자동차부품협회 인증품 AP-Procom,166300,닛산
닛산 알티마 앞범퍼 13-15년식 620223TA0H 한국자동차부품협회 인증품 AP-Procom,204600,닛산
닛산 알티마 앞범퍼 10-12년식 62022ZX00H 한국자동차부품협회 인증품 AP-Procom,206000,닛산
닛산 알티마  NISSAN ALTIMA 10-11년식 본넷 65100ZX00A (TUV인증부품),132000,닛산
닛산 알티마  NISSAN ALTIMA 13-16년식 우 휀다 631003TA0A (TUV인증부품),132000,닛산
닛산 알티마  NISSAN ALTIMA 13-16년식 좌 휀다 631013TA0A  (TUV인증부품),132000,닛산
닛산 알티마  NISSAN ALTIMA 13-16년식 본넷 651003TA0A (DS20132A) (TUV인증부품),317000,닛산
